Workbook

Sheet 表紙
A1: 日程調整アシスタント（Gmail アドオン） テスト仕様書
A4: 文書情報
A5: 版数 | B5: 1.0
A6: 作成日 | B6: 2026/10/16
A7: 作成者
A8: 承認者
A9: 目的
A10: 目的 | B10: 本番展開の前に、(1) 機能が仕様どおり動くこと、(2) 実際の取引先メールで実用に耐える精度があること、(3) 業務時間の削減効果があることを検証する。
A11: 対象範囲
A12: 対象 | B12: 日程調整アシスタント（src/ 一式）、Google カレンダー連携、Gmail 下書き作成、Google Meet 発行、社員への展開手順（docs/DEPLOY.md）
A13: 対象外 | B13: Zoom・Microsoft Teams 連携（未設定のため。設定後に「確定」の該当ケースを追加実施する）
A14: テスト環境
A15: 環境 | B15: 自社 Google Workspace（本番テナント）、テスト用アカウント 3 名以上（主担当・社内参加者 2 名）、社外役のアカウント 1 つ（個人 Gmail 等）
A16: ブラウザ | B16: Google Chrome 最新版（PC）。参考として Gmail モバイルアプリでも表示を確認
A17: 事前準備 | B17: テスト用アカウントのカレンダーに、空き確認用のダミー予定を登録しておく（各ケースの「前提条件」参照）。社内参加者のカレンダーを「空き時間情報」以上で社内共有しておく。
A18: テスト工程
A19: 工程1 機能テスト | B19: 「テストケース」シートの区分「機能」「エラー」を実施（開発担当・1〜2日）
A20: 工程2 運用・非機能テスト | B20: 同シートの区分「運用」「非機能」「セキュリティ」を実施（開発担当＋管理者）
A21: 工程3 抽出精度テスト | B21: 「抽出精度テスト」シートに、実際の取引先メールを 30 通以上記録して精度を確認（パイロット参加者）
A22: 工程4 受入（パイロット） | B22: 「効果測定」シートに実案件での所要時間・満足度を記録（パイロット参加者・2週間）
A23: 合格基準（案）
A24: 機能 | B24: 優先度「高」のテストケースがすべて OK、かつ未解決の重要度「高」の不具合が 0 件
A25: 抽出精度 | B25: 候補日の抽出一致率 80% 以上（「集計」シートで自動計算）
A26: 効果 | B26: 1 案件あたりの調整時間が導入前より短縮され、利用者満足度の平均が 3.5 以上（5 段階）
A27: 記入ルール
A28: 入力セル | B28: 黄色のセルが記入欄です（結果・実施日・実施者・備考など）。それ以外のセルは編集しないでください。
A29: 結果の値 | B29: OK＝期待結果どおり ／ NG＝期待結果と異なる（「不具合管理」に起票） ／ 保留＝環境等の理由で実施できず ／ 対象外＝今回は実施しない
A30: 記入例 | B30: 結果「OK」、実施日「2026/10/20」、実施者「山田」、備考「Chrome で確認」。NG の場合は備考に不具合 No.（例：BUG-001）を記入

Sheet 集計
A1: テスト進捗・結果の集計
A2: 「テストケース」「抽出精度テスト」「効果測定」「不具合管理」から自動計算されます（編集不要）。
A4: 大分類 | B4: ケース数 | C4: OK | D4: NG | E4: 保留 | F4: 対象外 | G4: 未実施 | H4: 消化率 | I4: 合格率
A5: 1 導入・初期設定 | B5: =COUNTIF(テストケース!$B$2:$B$83,$A5) -> 7 | C5: =COUNTIFS(テストケース!$B$2:$B$83,$A5,テストケース!$J$2:$J$83,"OK") -> 0 | D5: =COUNTIFS(テストケース!$B$2:$B$83,$A5,テストケース!$J$2:$J$83,"NG") -> 0 | E5: =COUNTIFS(テストケース!$B$2:$B$83,$A5,テストケース!$J$2:$J$83,"保留") -> 0 | F5: =COUNTIFS(テストケース!$B$2:$B$83,$A5,テストケース!$J$2:$J$83,"対象外") -> 0 | G5: =B5-C5-D5-E5-F5 -> 7 | H5: =IF(B5-F5=0,"-",(C5+D5)/(B5-F5)) -> 0 | I5: =IF(C5+D5=0,"-",C5/(C5+D5)) -> -
A6: 2 候補日の抽出 | B6: =COUNTIF(テストケース!$B$2:$B$83,$A6) -> 12 | C6: =COUNTIFS(テストケース!$B$2:$B$83,$A6,テストケース!$J$2:$J$83,"OK") -> 0 | D6: =COUNTIFS(テストケース!$B$2:$B$83,$A6,テストケース!$J$2:$J$83,"NG") -> 0 | E6: =COUNTIFS(テストケース!$B$2:$B$83,$A6,テストケース!$J$2:$J$83,"保留") -> 0 | F6: =COUNTIFS(テストケース!$B$2:$B$83,$A6,テストケース!$J$2:$J$83,"対象外") -> 0 | G6: =B6-C6-D6-E6-F6 -> 12 | H6: =IF(B6-F6=0,"-",(C6+D6)/(B6-F6)) -> 0 | I6: =IF(C6+D6=0,"-",C6/(C6+D6)) -> -
A7: 3 案件情報 | B7: =COUNTIF(テストケース!$B$2:$B$83,$A7) -> 5 | C7: =COUNTIFS(テストケース!$B$2:$B$83,$A7,テストケース!$J$2:$J$83,"OK") -> 0 | D7: =COUNTIFS(テストケース!$B$2:$B$83,$A7,テストケース!$J$2:$J$83,"NG") -> 0 | E7: =COUNTIFS(テストケース!$B$2:$B$83,$A7,テストケース!$J$2:$J$83,"保留") -> 0 | F7: =COUNTIFS(テストケース!$B$2:$B$83,$A7,テストケース!$J$2:$J$83,"対象外") -> 0 | G7: =B7-C7-D7-E7-F7 -> 5 | H7: =IF(B7-F7=0,"-",(C7+D7)/(B7-F7)) -> 0 | I7: =IF(C7+D7=0,"-",C7/(C7+D7)) -> -
A8: 4 社内参加者 | B8: =COUNTIF(テストケース!$B$2:$B$83,$A8) -> 4 | C8: =COUNTIFS(テストケース!$B$2:$B$83,$A8,テストケース!$J$2:$J$83,"OK") -> 0 | D8: =COUNTIFS(テストケース!$B$2:$B$83,$A8,テストケース!$J$2:$J$83,"NG") -> 0 | E8: =COUNTIFS(テストケース!$B$2:$B$83,$A8,テストケース!$J$2:$J$83,"保留") -> 0 | F8: =COUNTIFS(テストケース!$B$2:$B$83,$A8,テストケース!$J$2:$J$83,"対象外") -> 0 | G8: =B8-C8-D8-E8-F8 -> 4 | H8: =IF(B8-F8=0,"-",(C8+D8)/(B8-F8)) -> 0 | I8: =IF(C8+D8=0,"-",C8/(C8+D8)) -> -
A9: 5 空き状況の確認 | B9: =COUNTIF(テストケース!$B$2:$B$83,$A9) -> 7 | C9: =COUNTIFS(テストケース!$B$2:$B$83,$A9,テストケース!$J$2:$J$83,"OK") -> 0 | D9: =COUNTIFS(テストケース!$B$2:$B$83,$A9,テストケース!$J$2:$J$83,"NG") -> 0 | E9: =COUNTIFS(テストケース!$B$2:$B$83,$A9,テストケース!$J$2:$J$83,"保留") -> 0 | F9: =COUNTIFS(テストケース!$B$2:$B$83,$A9,テストケース!$J$2:$J$83,"対象外") -> 0 | G9: =B9-C9-D9-E9-F9 -> 7 | H9: =IF(B9-F9=0,"-",(C9+D9)/(B9-F9)) -> 0 | I9: =IF(C9+D9=0,"-",C9/(C9+D9)) -> -
A10: 6 新規で作成 | B10: =COUNTIF(テストケース!$B$2:$B$83,$A10) -> 9 | C10: =COUNTIFS(テストケース!$B$2:$B$83,$A10,テストケース!$J$2:$J$83,"OK") -> 0 | D10: =COUNTIFS(テストケース!$B$2:$B$83,$A10,テストケース!$J$2:$J$83,"NG") -> 0 | E10: =COUNTIFS(テストケース!$B$2:$B$83,$A10,テストケース!$J$2:$J$83,"保留") -> 0 | F10: =COUNTIFS(テストケース!$B$2:$B$83,$A10,テストケース!$J$2:$J$83,"対象外") -> 0 | G10: =B10-C10-D10-E10-F10 -> 9 | H10: =IF(B10-F10=0,"-",(C10+D10)/(B10-F10)) -> 0 | I10: =IF(C10+D10=0,"-",C10/(C10+D10)) -> -
A11: 7 仮押さえ・下書き | B11: =COUNTIF(テストケース!$B$2:$B$83,$A11) -> 11 | C11: =COUNTIFS(テストケース!$B$2:$B$83,$A11,テストケース!$J$2:$J$83,"OK") -> 0 | D11: =COUNTIFS(テストケース!$B$2:$B$83,$A11,テストケース!$J$2:$J$83,"NG") -> 0 | E11: =COUNTIFS(テストケース!$B$2:$B$83,$A11,テストケース!$J$2:$J$83,"保留") -> 0 | F11: =COUNTIFS(テストケース!$B$2:$B$83,$A11,テストケース!$J$2:$J$83,"対象外") -> 0 | G11: =B11-C11-D11-E11-F11 -> 11 | H11: =IF(B11-F11=0,"-",(C11+D11)/(B11-F11)) -> 0 | I11: =IF(C11+D11=0,"-",C11/(C11+D11)) -> -
A12: 8 日程確定 | B12: =COUNTIF(テストケース!$B$2:$B$83,$A12) -> 16 | C12: =COUNTIFS(テストケース!$B$2:$B$83,$A12,テストケース!$J$2:$J$83,"OK") -> 0 | D12: =COUNTIFS(テストケース!$B$2:$B$83,$A12,テストケース!$J$2:$J$83,"NG") -> 0 | E12: =COUNTIFS(テストケース!$B$2:$B$83,$A12,テストケース!$J$2:$J$83,"保留") -> 0 | F12: =COUNTIFS(テストケース!$B$2:$B$83,$A12,テストケース!$J$2:$J$83,"対象外") -> 0 | G12: =B12-C12-D12-E12-F12 -> 16 | H12: =IF(B12-F12=0,"-",(C12+D12)/(B12-F12)) -> 0 | I12: =IF(C12+D12=0,"-",C12/(C12+D12)) -> -
A13: 9 変更・中止 | B13: =COUNTIF(テストケース!$B$2:$B$83,$A13) -> 4 | C13: =COUNTIFS(テストケース!$B$2:$B$83,$A13,テストケース!$J$2:$J$83,"OK") -> 0 | D13: =COUNTIFS(テストケース!$B$2:$B$83,$A13,テストケース!$J$2:$J$83,"NG") -> 0 | E13: =COUNTIFS(テストケース!$B$2:$B$83,$A13,テストケース!$J$2:$J$83,"保留") -> 0 | F13: =COUNTIFS(テストケース!$B$2:$B$83,$A13,テストケース!$J$2:$J$83,"対象外") -> 0 | G13: =B13-C13-D13-E13-F13 -> 4 | H13: =IF(B13-F13=0,"-",(C13+D13)/(B13-F13)) -> 0 | I13: =IF(C13+D13=0,"-",C13/(C13+D13)) -> -
A14: 10 非機能・運用 | B14: =COUNTIF(テストケース!$B$2:$B$83,$A14) -> 7 | C14: =COUNTIFS(テストケース!$B$2:$B$83,$A14,テストケース!$J$2:$J$83,"OK") -> 0 | D14: =COUNTIFS(テストケース!$B$2:$B$83,$A14,テストケース!$J$2:$J$83,"NG") -> 0 | E14: =COUNTIFS(テストケース!$B$2:$B$83,$A14,テストケース!$J$2:$J$83,"保留") -> 0 | F14: =COUNTIFS(テストケース!$B$2:$B$83,$A14,テストケース!$J$2:$J$83,"対象外") -> 0 | G14: =B14-C14-D14-E14-F14 -> 7 | H14: =IF(B14-F14=0,"-",(C14+D14)/(B14-F14)) -> 0 | I14: =IF(C14+D14=0,"-",C14/(C14+D14)) -> -
A15: 合計 | B15: =SUM(B5:B14) -> 82 | C15: =SUM(C5:C14) -> 0 | D15: =SUM(D5:D14) -> 0 | E15: =SUM(E5:E14) -> 0 | F15: =SUM(F5:F14) -> 0 | G15: =SUM(G5:G14) -> 82 | H15: =IF(B15-F15=0,"-",(C15+D15)/(B15-F15)) -> 0 | I15: =IF(C15+D15=0,"-",C15/(C15+D15)) -> -
A17: 合格判定
A18: 指標 | B18: 値 | C18: 目標（案） | E18: 判定
A19: 優先度「高」のケース数 | B19: =COUNTIF(テストケース!$H$2:$H$83,"高") -> 27
A20: 優先度「高」の OK 数 | B20: =COUNTIFS(テストケース!$H$2:$H$83,"高",テストケース!$J$2:$J$83,"OK") -> 0 | E20: =IF(B19=0,"-",IF(B20=B19,"達成","未達")) -> 未達
A21: 未解決の重要度「高」の不具合 | B21: =COUNTIFS(不具合管理!$H$5:$H$54,"高",不具合管理!$I$5:$I$54,"<>確認済",不具合管理!$I$5:$I$54,"<>見送り",不具合管理!$F$5:$F$54,"<>") -> 0 | C21: 0 件 | E21: =IF(B21=0,"達成","未達") -> 達成
A22: 実メールの記録数 | B22: =COUNTIF(抽出精度テスト!$G$15:$G$64,"?*") -> 0 | C22: 30 件以上 | E22: =IF(B22>=30,"達成","未達") -> 未達
A23: 抽出一致率（実メール・○の割合） | B23: =IF(COUNTIF(抽出精度テスト!$G$15:$G$64,"?*")=0,"-",COUNTIF(抽出精度テスト!$G$15:$G$64,"○")/COUNTIF(抽出精度テスト!$G$15:$G$64,"?*")) -> - | C23: 80% 以上 | E23: =IF(B23="-","-",IF(B23>=0.8,"達成","未達")) -> -
A24: 確定日の検出率（実メール） | B24: =IF(COUNTIF(抽出精度テスト!$H$15:$H$64,"○")+COUNTIF(抽出精度テスト!$H$15:$H$64,"×")=0,"-",COUNTIF(抽出精度テスト!$H$15:$H$64,"○")/(COUNTIF(抽出精度テスト!$H$15:$H$64,"○")+COUNTIF(抽出精度テスト!$H$15:$H$64,"×"))) -> - | C24: （参考）
A25: 平均削減時間（分/件） | B25: =効果測定!G26 | C25: 0 より大きい | E25: =IF(B25="","-",IF(B25>0,"達成","未達")) -> -
A26: 平均満足度（5段階） | B26: =効果測定!I26 | C26: 3.5 以上 | E26: =IF(B26="","-",IF(B26>=3.5,"達成","未達")) -> -
A28: ※ 目標値は案です。「表紙」の合格基準とあわせて、関係者で合意のうえ調整してください。

Sheet テストケース
A1: No. | B1: 大分類 | C1: 中分類 | D1: テスト項目 | E1: 前提条件 | F1: 手順 | G1: 期待結果 | H1: 優先度 | I1: 区分 | J1: 結果 | K1: 実施日 | L1: 実施者 | M1: 備考・不具合No.
A2: TC-001 | B2: 1 導入・初期設定 | C2: インストール | D2: アドオンが表示される | E2: 管理者インストール済み | F2: Gmail を開き、メールを1通開く | G2: 右側のパネルに日程調整アシスタントのアイコンが表示され、クリックでサイドバーが開く | H2: 高 | I2: 機能
A3: TC-002 | B3: 1 導入・初期設定 | C3: インストール | D3: 初回の権限承認 | E3: 初めて利用するアカウント | F3: サイドバーを開く | G3: 権限承認が求められる（管理者インストール時は求められない）。承認後に画面が表示される | H3: 中 | I3: 機能
A4: TC-003 | B4: 1 導入・初期設定 | C4: 設定 | D4: 設定の保存と再表示 | E4: なし | F4: 「︙」→「設定」で自社名・氏名・署名・社内ドメイン・よく使うメンバーを入力して保存。再度設定を開く | G4: 「設定を保存しました」と表示され、再表示時に入力値が保持されている | H4: 高 | I4: 機能
A5: TC-004 | B5: 1 導入・初期設定 | C5: 設定 | D5: 署名が空欄の場合 | E5: 署名を空欄で保存 | F5: 候補日の下書きを作成する | G5: 本文末尾に「自社名」「氏名」が署名として入る | H5: 低 | I5: 機能
A6: TC-005 | B6: 1 導入・初期設定 | C6: 設定 | D6: よく使うメンバーの選択肢 | E6: 設定に「山田 花子 <yamada@…>」形式で2名登録 | F6: メールを開く | G6: ③社内の参加者に2名がチェックボックスで表示される | H6: 中 | I6: 機能
A7: TC-006 | B7: 1 導入・初期設定 | C7: 設定 | D7: 件名テンプレートの変更 | E7: 件名テンプレートを「{status}{company}｜{project}」に変更 | F7: 下書きを作成する | G7: 件名が変更したテンプレートどおりになる。テンプレートを空欄で保存すると既定の書式に戻る | H7: 低 | I7: 機能
A8: TC-007 | B8: 1 導入・初期設定 | C8: 設定 | D8: 社外メールの判定 | E8: 社内ドメインを設定済み | F8: 社外ドメインからのメールと社内からのメールをそれぞれ開く | G8: 社外のメールでは副題が「外部からのメール」、社内のメールでは「メールから」になる | H8: 低 | I8: 機能
A9: TC-008 | B9: 2 候補日の抽出 | C9: 書式 | D9: 箇条書きの候補 | E9: 本文「・9/15（月）13:00〜14:00」形式で3件 | F9: メールを開く | G9: 3件がすべて抽出され、チェックが入った状態で表示される | H9: 高 | I9: 機能
A10: TC-009 | B10: 2 候補日の抽出 | C10: 書式 | D10: 漢字・全角表記 | E10: 本文「９月２０日（日） １４時～１５時半」 | F10: メールを開く | G10: 9/20 14:00〜15:30 として抽出される | H10: 高 | I10: 機能
A11: TC-010 | B11: 2 候補日の抽出 | C11: 書式 | D11: 終了時刻なし | E11: 本文「10月1日 午後1時から」、既定の所要時間60分 | F11: メールを開く | G11: 10/1 13:00〜14:00 として抽出される（既定の所要時間を使用） | H11: 中 | I11: 機能
A12: TC-011 | B12: 2 候補日の抽出 | C12: 書式 | D12: 1行に複数の時間帯 | E12: 本文「10/2(金) 10:00-11:00、14:00-15:00」 | F12: メールを開く | G12: 同じ日の2枠が別々の候補として抽出される | H12: 中 | I12: 機能
A13: TC-012 | B13: 2 候補日の抽出 | C13: 書式 | D13: 日付の次の行に時刻 | E13: 本文で日付と時刻が改行で分かれている | F13: メールを開く | G13: 日付と次の行の時刻が組み合わされて抽出される | H13: 低 | I13: 機能
... A83: TC-082 | B83: 10 非機能・運用 | C83: 展開 | D83: バージョンアップ | E83: 「デプロイを管理」で新バージョンに更新 | F83: 利用者が Gmail を再読み込み | G83: 利用者の操作なしで新バージョンの動作になる。進行中の案件が引き継がれている | H83: 中 | I83: 運用

Sheet 抽出精度テスト
A1: 抽出精度テスト（実際の取引先メールで確認）
A2: 1〜10行目は代表的な書き方の例（確認用）。11行目以降に実際に届いたメールを記録してください。個人情報・取引情報は要約して記載すること。
A4: No. | B4: 区分 | C4: 送信元（会社・匿名化可） | D4: 本文の候補日の書き方（原文を要約） | E4: 期待する候補（正解） | F4: アドオンの抽出結果 | G4: 判定 | H4: 確定日の検出 | I4: 備考 | K4: 判定の基準
A5: EX-01 | B5: 例 | C5: 社内例 | D5: ・9/15（月）13:00〜14:00 ・9/16（火）10:00〜11:00 | E5: 9/15 13:00-14:00、9/16 10:00-11:00 | K5: ○：すべての候補が正しく抽出された
A6: EX-02 | B6: 例 | C6: 社内例 | D6: ９月２０日（日） １４時～１５時半 | E6: 9/20 14:00-15:30 | K6: △：一部のみ抽出／余分な候補あり（手修正で対応可）
A7: EX-03 | B7: 例 | C7: 社内例 | D7: 10月1日 午後1時から | E7: 10/1 13:00-（既定の所要時間） | K7: ×：抽出されない・誤った日時
A8: EX-04 | B8: 例 | C8: 社内例 | D8: 10/2(金) 10:00-11:00、14:00-15:00 | E8: 10/2 10:00-11:00、10/2 14:00-15:00 | K8: 確定日の検出：先方の確定返信で正しい候補が選ばれたか
A9: EX-05 | B9: 例 | C9: 社内例 | D9: 9/21(月) 10:00〜11:30 | E9: 9/21 10:00-11:30
A10: EX-06 | B10: 例 | C10: 社内例 | D10: 9/18 1時〜2時（1時間程度） | E10: 9/18 13:00-14:00
A11: EX-07 | B11: 例 | C11: 社内例 | D11: 2026/11/5 15:00～16:00 | E11: 11/5 15:00-16:00
A12: EX-08 | B12: 例 | C12: 社内例 | D12: 来週火曜の午後 | E12: （既知の制約：抽出されない）
A13: EX-09 | B13: 例 | C13: 社内例 | D13: 11/10〜11/12のいずれか終日 | E13: （既知の制約：時刻がないため抽出されない）
A14: EX-10 | B14: 例 | C14: 社内例 | D14: Nov 5, 3pm-4pm | E14: （既知の制約：英語表記は抽出されない）
A15: RM-01 | B15: 実メール
A16: RM-02 | B16: 実メール
A17: RM-03 | B17: 実メール
A18: RM-04 | B18: 実メール
A19: RM-05 | B19: 実メール
A20: RM-06 | B20: 実メール
A21: RM-07 | B21: 実メール
A22: RM-08 | B22: 実メール
A23: RM-09 | B23: 実メール
A24: RM-10 | B24: 実メール
A25: RM-11 | B25: 実メール
A26: RM-12 | B26: 実メール
... A64: RM-50 | B64: 実メール

Sheet 効果測定
A1: 効果測定（パイロット期間の記録）
A2: 導入前の時間は、直近の案件を思い出して1案件あたりの平均を記入してください（受信〜確定メール送信までの作業時間の合計）。
A4: No. | B4: 氏名 | C4: 部署 | D4: 期間中の調整件数 | E4: 導入前の平均時間（分/件） | F4: 導入後の平均時間（分/件） | G4: 削減時間（分/件） | H4: 削減時間合計（分） | I4: 満足度（1〜5） | J4: 良かった点 | K4: 改善してほしい点
A5: 1 | G5: =IF(OR(E5="",F5=""),"",E5-F5) | H5: =IF(OR(D5="",G5=""),"",D5*G5)
A6: 2 | G6: =IF(OR(E6="",F6=""),"",E6-F6) | H6: =IF(OR(D6="",G6=""),"",D6*G6)
A7: 3 | G7: =IF(OR(E7="",F7=""),"",E7-F7) | H7: =IF(OR(D7="",G7=""),"",D7*G7)
A8: 4 | G8: =IF(OR(E8="",F8=""),"",E8-F8) | H8: =IF(OR(D8="",G8=""),"",D8*G8)
A9: 5 | G9: =IF(OR(E9="",F9=""),"",E9-F9) | H9: =IF(OR(D9="",G9=""),"",D9*G9)
A10: 6 | G10: =IF(OR(E10="",F10=""),"",E10-F10) | H10: =IF(OR(D10="",G10=""),"",D10*G10)
A11: 7 | G11: =IF(OR(E11="",F11=""),"",E11-F11) | H11: =IF(OR(D11="",G11=""),"",D11*G11)
A12: 8 | G12: =IF(OR(E12="",F12=""),"",E12-F12) | H12: =IF(OR(D12="",G12=""),"",D12*G12)
A13: 9 | G13: =IF(OR(E13="",F13=""),"",E13-F13) | H13: =IF(OR(D13="",G13=""),"",D13*G13)
A14: 10 | G14: =IF(OR(E14="",F14=""),"",E14-F14) | H14: =IF(OR(D14="",G14=""),"",D14*G14)
A15: 11 | G15: =IF(OR(E15="",F15=""),"",E15-F15) | H15: =IF(OR(D15="",G15=""),"",D15*G15)
A16: 12 | G16: =IF(OR(E16="",F16=""),"",E16-F16) | H16: =IF(OR(D16="",G16=""),"",D16*G16)
... A24: 20 | G24: =IF(OR(E24="",F24=""),"",E24-F24) | H24: =IF(OR(D24="",G24=""),"",D24*G24)
A26: 合計・平均 | D26: =SUM(D5:D24) -> 0 | E26: =IFERROR(AVERAGE(E5:E24),"") | F26: =IFERROR(AVERAGE(F5:F24),"") | G26: =IFERROR(AVERAGE(G5:G24),"") | H26: =SUM(H5:H24) -> 0 | I26: =IFERROR(AVERAGE(I5:I24),"")

Sheet 不具合管理
A1: 不具合・改善要望の管理
A4: 不具合No. | B4: 発見日 | C4: 発見者 | D4: テストNo. | E4: 種別 | F4: 現象 | G4: 再現手順 | H4: 重要度 | I4: 対応状況 | J4: 対応内容 | K4: 確認日 | L4: 確認者 | N4: 重要度の目安
A5: BUG-001 | N5: 高：業務に使えない、誤った日時で予定・メールが作られる、情報漏えいのおそれ
A6: BUG-002 | N6: 中：回避策はあるが手間がかかる
A7: BUG-003 | N7: 低：表示や文言の軽微な問題
A8: BUG-004
A9: BUG-005
A10: BUG-006
A11: BUG-007
A12: BUG-008
A13: BUG-009
A14: BUG-010
A15: BUG-011
A16: BUG-012
A17: BUG-013
A18: BUG-014
A19: BUG-015
... A54: BUG-050
